jobPostingTitle , companyName, Location, date, status
Software Development Engineer-Entry Level,Kratos Defense & Security Solutions,ColoradoSprings  CO,2019-12-14,Not Applied
Entry Level Electrical Engineer - Application Software,Naval Nuclear Laboratory,Niskayuna  NY,2019-12-13,Not Applied
Software Developer (Entry Level),Smart Software Solutions  Inc,Pierre  SD,2019-12-15,Not Applied
Entry level software engineer,Itlize Global  LLC,Piscataway  NJ,2019-12-02,Not Applied
Entry Level Software Engineer,Sparc Info LLC.,Plano  TX,2019-11-19,Not Applied
Entry Level Software Engineer,Ideation  Inc.,RESTON  VA,2019-11-18,Not Applied
Jr. Analytics Developer,LRS,Maryland Heights  MO,2019-12-17,Not Applied
Junior Java Developer,CyberCoders,Rockville  MD,2019-12-16,Not Applied
Java Developer (Jr - Senior),CBTS a Cincinnati Bell Company,Cincinnati  OH,2019-12-07,Not Applied
Entry Level Software Developer – Training Program - NY,Genesis10,New York  NY,2019-12-18,Not Applied
Training Specialist,Radiant Systems Inc,Toronto  ON,2019-12-14,Not Applied
Entry Level Software Developer,The Reynolds and Reynolds Company,College Station  TX,2019-12-16,Not Applied
Entry Level Software Developers,Precision Resources,Birmingham  AL,2019-12-11,Not Applied
Jr. Java Software Developer,Altec Industries  Inc.,Birmingham  AL,2019-12-10,Not Applied
Entry Level Software Developer,Quintrix Solutions  Inc,,2019-12-05,Not Applied
Java Developer - Entry Level,Sollers,Alpharetta  GA,2019-12-04,Not Applied
Entry Level Software Developer,Reynolds and Reynolds,Houston  TX,2019-12-02,Not Applied
Java Developer - Entry Level (Full-stack),HCL Technologies Limited,New York City  NY,2019-11-26,Not Applied
Entry Level / Student Application Engineer,Marvin Test Solutions  Inc.,Irvine  CA,2019-11-26,Not Applied
Java Developer - Entry Level,SmartWorks LLC,Edison  NJ,2019-11-19,Not Applied
Developer (Entry-Level),Computer Mainstream Corporation,ATLANTA  GA,2019-12-02,Not Applied
Entry Level Software Engineer,Revature,Cerritos  CA,2019-12-18,Not Applied
Junior Java Developer,Cays Corp,Indianapolis  IN,2019-12-18,Not Applied
JR. C#/.Net Developer,Eliassen Group,Dayton  OH,2019-12-18,Not Applied
Junior Python Developer,Apex Systems,Austin  TX,2019-12-18,Not Applied
Jr. Java Developer @ Dallas  TX [2-5 Yrs Exp] - Any visa is fine,Pronix  Inc.,Dallas  TX,2019-12-18,Not Applied
Jr. Java Application Developer,Technology Consulting  Inc.,Fort Knox  KY,2019-12-17,Not Applied
Junior Java Developer,Orgspire,San jose  CA,2019-12-17,Not Applied
Junior Software Engineer,Magna International Inc.,Plymouth  MI,2019-12-17,Not Applied
Junior .NET Developer,Acuity  Inc.,Reston  VA,2019-12-16,Not Applied
Junior Software Engineer - C#/ASP.Net,Edaptive Computing,Dayton  OH,2019-12-13,Not Applied
Jr. Java UI Developer (OUR W2 ONLY!!! -- NO C2C),InfoWeb Systems  Inc.,Milan  IL,2019-12-13,Not Applied
Junior Java Developer,EDAptive Computing  Inc.,DAYTON  OH,2019-12-13,Not Applied
SDET (Software Development Engineer in Test) (Lead/Senior/Mid-level/Junior ),Quantum Vision,Rockville  MD,2019-12-11,Not Applied
Junior Java Developer,Visionist  Inc.,Columbia  MD,2019-12-09,Not Applied
Junior-Mid Level Software Developer,SNI Technology,Colorado Springs  CO,2019-12-02,Not Applied
Systems Administrator,Dilanti Media Limited,Willemstad,2019-11-18,Not Applied
Jr. Java Developer (Backend),V-Soft Consulting Group  Inc.,Philadelphia  PA,2019-12-02,Not Applied
Jr. Java Developer,Virtusa,Pittsburgh  PA,2019-11-26,Not Applied
Jr. Software Engineer,Brooksource,Columbus  OH,2019-11-21,Not Applied
Junior Software Developer,Softworld Inc,Plano  TX,2019-12-18,Not Applied
Junior Python Developer,PRI Technology,Orangeburg  NY,2019-12-18,Not Applied
Application Developer (General) Entry Level,Technology Partners,Honolulu  HI,2019-12-16,Not Applied
Junior .NET Developer,Optime Tech LLC,NAPERVILLE  IL,2019-12-11,Not Applied
Jr. to Lead Software Engineer - Profitable Blockchain Startup,Skyrocket Ventures,Palo Alto  CA,2019-12-11,Not Applied
Junior/Senior Java J2EE Developers ( Multiple positions),Tekizma,Boston  MA,2019-12-03,Not Applied
Junior .NET Developer,Medical Science & Computing  LLC,Bethesda  MD,2019-11-25,Not Applied
Junior .NET Developer,Cognizant,Jersey City  NJ,2019-11-20,Not Applied
Jr. Android Developer,TechField,ATLANTA  GA,2019-11-19,Not Applied
Junior Software Developer,BrookSource,Lansing  MI,2019-11-18,Not Applied
Jr. Python Engineer,Tech Mahindra Limited,Mountain View  CA,2019-11-18,Not Applied
Jr. SharePoint Developer,ORBIS,Washington  DC,2019-12-17,Not Applied
Jr. DevOps Developer,Ciber Inc.,Durham  NC,2019-12-06,Not Applied
Jr. Data Warehouse Developer,Nesco Resource  LLC,Cleveland  OH,2019-12-05,Not Applied
Junior Programmer,SoftGenetics,State College  PA,2019-11-19,Not Applied
Entry Level Software Engineer - M&S,DCS Corp,Columbus  OH,2019-11-19,Not Applied
Entry Level Software Engineer - C/C++,Volt Services Group,San Diego  CA,2019-12-18,Not Applied
Entry Level Software Engineer,Kforce Technology Staffing,Southfield  MI,2019-12-18,Not Applied
Jr. Software Engineer,Prospex Digital,Hazlet  NJ,2019-12-03,Not Applied
Jr .Net Developer,Horizontal Talent,Addison  TX,2019-12-18,Not Applied
QA Engineer / Jr. Programmer,Melissa Data Corp,RSM,2019-12-18,Not Applied
Junior Software Engineer,Leidos,McLean  VA,2019-12-18,Not Applied
Director of Global Sourcing,Basketville Inc.,Qingdao  lǔ,2019-11-23,Not Applied
Java Developer - Entry Level,SynergisticIT,Dallas  TX,2019-12-18,Not Applied
Jr.Java Developer,CGI Group  Inc.,Fairfax  VA,2019-12-18,Not Applied
Developer - Entry-level,Vanguard,Malvern  PA,2019-12-14,Not Applied
Junior Software Engineer,Humana,Boston  MA,2019-12-13,Not Applied
Junior DevOps Engineer  AWS  Puppet  Chef  Python  Jenkins  CI/CD,Yoh - A Day & Zimmerman Company,Atlanta  GA,2019-12-18,Not Applied
Java Developer - Junior / Mid-level,Artech Information Systems LLC,Wilmington  DE,2019-12-18,Not Applied
Junior / Mid-Level Web Developer,Mimecast Services Limited,Lexington  MA,2019-12-18,Not Applied
Junior .NET Developer,E-Talent Network,Montgomery  AL,2019-12-17,Not Applied
Junior Software Engineer,Randstad Technologies,Boston  MA,2019-12-17,Not Applied
Junior Java Developer,Company Confidential,Indianapolis  IN,2019-12-14,Not Applied
SOFTWARE DEVELOPER (JR to MID LEVEL SKILLS),ALTA IT SERVICES LLC,Columbia  MD,2019-12-13,Not Applied
Ford Smart Mobility Full Stack Software Engineer - Junior,Ford Motor Company,Dearborn  MI,2019-12-13,Not Applied
Junior Software Engineer,VanderHouwen,Beaverton  OR,2019-12-12,Not Applied
Junior to Mid-level C++ developer (2086),Interactive Brokers LLC,Greenwich  CT,2019-12-12,Not Applied
Junior Full-Stack Java Developer,System One,Rockville  MD,2019-12-09,Not Applied
Junior Java Developer,American Cybersystems,Kansas City  MO,2019-12-06,Not Applied
Research Software Engineer Our Client is hiringa Senior + Junior Role,Barton Group,Arlington  VA,2019-12-05,Not Applied
Junior Java Developer,Mastech Digital,Columbia  SC,2019-12-04,Not Applied
Junior Software Engineer,VSolvit LLC,Chesapeake  VA,2019-11-25,Not Applied
Java Solutions Engineer - Junior to Mid-Level,Experis,Seattle  WA,2019-12-18,Not Applied
Jr.Java Developer,MVP Consulting Plus,Albany  NY,2019-12-18,Not Applied
SOFTWARE DEVELOPERS (JR to SR),Vaco Technology,Raleigh  NC,2019-12-18,Not Applied
Interviews: Jr Java Developer (5 roles: Java  Microservices  Spring Boot),Brilliant Infotech Inc.,Irving  TX,2019-12-18,Not Applied
Jr/Mid-level .NET Developer,DISYS - Digital Intelligence Systems  LLC,Portland  ME,2019-12-18,Not Applied
Junior Software Engineer,Tri-S Recruiters  Inc,Kansas City  MO,2019-12-18,Not Applied
Junior .NET Developer,Genuent,Alpharetta  GA,2019-12-17,Not Applied
Junior Ruby Developer,Vaco - Nashville,Nashville  TN,2019-12-17,Not Applied
Jr. WordPress Developer,Hays,Tampa  FL,2019-12-16,Not Applied
Jr/Mid Level NET Web Developer,Liberty Jobs,Plymouth Meeting  PA,2019-12-16,Not Applied
Jr. VB.NET Developer,PF1 Professional Services,Tampa  FL,2019-12-14,Not Applied
Jr. C#.net Developer,JFC Global,Camp Hill  PA,2019-12-09,Not Applied
Junior Full Stack Developer (2 openings),MATRIX Resources,Irving  TX,2019-12-09,Not Applied
Jr Hadoop Developer,AIC,Chicago  IL,2019-12-06,Not Applied
Jr Android Developer,Matlen Silver,Berkeley Heights  NJ,2019-12-18,Not Applied
Junior Developer BHJOB11946_427299,Addison Group,The Woodlands  TX,2019-12-18,Not Applied
Jr. DevOps Developer,Ciber Global LLC,Durham  NC,2019-12-18,Not Applied
Junior Full Stack Developer,The Ascent Services Group,Austin  TX,2019-12-18,Not Applied
Jr/ Mid level ETL Developer SSIS,Tenazx,New York  NY,2019-12-18,Not Applied
Jr./Mid Level Developer,Fuse3 Solutions,Oklahoma City  OK,2019-12-12,Not Applied
Software Engineer-Entry Level,Kratos Defense & Security Solutions,Huntsville  AL,2019-12-14,Not Applied
Entry Level Software Programmer/Developer,Naval Nuclear Laboratory,West Mifflin  PA,2019-12-13,Not Applied
Junior LAMP Stack Developer,CyberCoders,Dallas  TX,2019-12-18,Not Applied
Entry Level Software Developer – Training Program - MN with relocation,Genesis10,Minneapolis  MN,2019-12-18,Not Applied
Software Developer (Entry Level),Smart Software Solutions  Inc,Las Vegas  NV,2019-12-15,Not Applied
Entry Level Software Developer,The Reynolds and Reynolds Company,Dayton  OH,2019-12-10,Not Applied
Junior Python Developer/Analyst,Eliassen Group,Atlanta  GA,2019-12-18,Not Applied
Jr. Java Developer,Apex Systems,Richfield  MN,2019-12-18,Not Applied
Junior Hadoop / Big Data Developer,Orgspire,Fremont  CA,2019-12-16,Not Applied
Junior Quality Assurance - SDET - W2 - Contract to Hire,CBTS a Cincinnati Bell Company,Woonsocket  RI,2019-12-15,Not Applied
Junior Java Developer,Virtusa,Pittsburgh  PA,2019-12-13,Not Applied
Jr. Web Developer,Technology Consulting  Inc.,Wilkes Barre  PA,2019-12-11,Not Applied
Junior/Senior Java J2EE Developers ( Multiple positions),Tekizma,Herndon  VA,2019-11-28,Not Applied
JR Android Developer,Brooksource,Atlanta  GA,2019-11-19,Not Applied
Jr. iOS Developer,TechField,ATLANTA  GA,2019-11-19,Not Applied
Entry Level Software Engineer - C/C++,Volt Services Group,Long Beach  CA,2019-12-18,Not Applied
Entry Level Java Developer,Revature,Everett  WA,2019-12-18,Not Applied
Java Developer - Entry Level,SynergisticIT,Los Angeles  CA,2019-12-18,Not Applied
Jr Software Engineer,Leidos,Long Beach  MS,2019-12-06,Not Applied
Junior Java Developer,CGI Group  Inc.,Lafayette  LA,2019-12-17,Not Applied
Junior C# Developer,Kforce Technology Staffing,Austin  TX,2019-12-18,Not Applied
Junior Full Stack Developer Java / JavaScript,VanderHouwen,Portland   OR,2019-12-12,Not Applied
Jr Software Engineer,Ford Motor Company,Dearborn  MI,2019-12-12,Not Applied
Jr .Net Developer,Randstad Technologies,New York  NY,2019-12-10,Not Applied
JR FULL STACK DEVELOPER - C2C,ALTA IT SERVICES LLC,Washington  DC,2019-12-13,Not Applied
Jr Windows Systems Engineer,Liberty Jobs,Philadelphia  PA,2019-12-11,Not Applied
Junior Middleware Developer,MATRIX Resources,Greenville  SC,2019-12-09,Not Applied
Jr/Mid PHP Developer (MVC / Zend),Hays,Orlando  FL,2019-12-06,Not Applied
Junior ASP.NET Developer,Mastech Digital,Atlanta  GA,2019-11-25,Not Applied
Mainframe/Cobol Developer Junior,E-Talent Network,Montgomery  VA,2019-11-22,Not Applied
Entry Level Software Programmer,Kratos Defense & Security Solutions,Lanham  MD,2019-12-07,Not Applied
Entry Level Software Developer – Training Program - TX,Genesis10,Dallas  TX,2019-12-18,Not Applied
Junior Software Engineer,CyberCoders,Lowell  MA,2019-12-18,Not Applied
Jr. Java Developer,Apex Systems,Charlotte  NC,2019-12-17,Not Applied
Junior Java Developer,Eliassen Group,Westlake  MD,2019-12-17,Not Applied
Junior Mobile Developers (Android or IOS),CBTS a Cincinnati Bell Company,Woonsocket  RI,2019-12-14,Not Applied
Junior .Net Developer,Cognizant,Jersey City  NJ,2019-11-19,Not Applied
JR iOS Developer,Brooksource,Atlanta  GA,2019-11-19,Not Applied
Jr. Web Software Developer,Technology Consulting  Inc.,Herndon  VA,2019-12-11,Not Applied
Jr. Exchange Engineer,TechField,ATLANTA  GA,2019-11-19,Not Applied
Entry Level Software Engineer - C/C++,Volt Services Group,Irvine  CA,2019-12-18,Not Applied
Entry Level Software Developer,Revature,Virginia Beach  VA,2019-12-18,Not Applied
Junior Software Engineer,Leidos,Beavercreek  OH,2019-12-06,Not Applied
Entry Level-Software Developer,SynergisticIT,Atlanta  GA,2019-12-18,Not Applied
Junior Datastage Developer,CGI Group  Inc.,Greenville  SC,2019-12-13,Not Applied
Junior .NET Developer,Kforce Technology Staffing,Beaverton  OR,2019-12-18,Not Applied
Jr. NET Developer,Randstad Technologies,San Diego  CA,2019-12-12,Not Applied
Jr AEM Developer,Virtusa,Indianapolis  IN,2019-12-18,Not Applied
Entry Level Software Programmer/Developer,Naval Nuclear Laboratory,Schenectady  NY,2019-12-13,Not Applied
Entry Level Software Developer – Dev10 Program – Paid Training & Career Placement,Genesis10,Saint Paul  MN,2019-12-18,Not Applied
Jr. Software Developer,CyberCoders,Poughkeepsie  NY,2019-12-17,Not Applied
Entry Level Web Developer,The Reynolds and Reynolds Company,Dayton  OH,2019-12-02,Not Applied
Junior Software Developer  Secret Cleared,Apex Systems,Fort Meade  MD,2019-12-17,Not Applied
Junior Quality Assurance - SDET - W2 - Contract to Hire,CBTS a Cincinnati Bell Company,Dallas  TX,2019-12-07,Not Applied
Junior  .Net Developer,Cognizant,Jersey City  NJ,2019-11-19,Not Applied
Jr. SAP PI Developer,Brooksource,Marietta  GA,2019-11-19,Not Applied
Jr. iOS Developer,Eliassen Group,New York City  NY,2019-12-11,Not Applied
Jr. Software Developer with TS or higher,Leidos,Aurora  CO,2019-12-06,Not Applied
Entry Level Java Programmer,SynergisticIT,New York City  NY,2019-12-18,Not Applied
Entry Level Software Developer - C#,Volt Services Group,Irvine  CA,2019-12-18,Not Applied
Jr Developer,CGI Group  Inc.,Lafayette  LA,2019-12-13,Not Applied
Junior CSS HTML Developer (Entry Level),Revature,Manassas  VA,2019-12-18,Not Applied
Junior Software Engineer - Web Developer,Kforce Technology Staffing,American Fork  UT,2019-12-18,Not Applied
Junior Full Stack Developer Java / JavaScript,VanderHouwen,Portland  OR,2019-12-18,Not Applied
Entry Level Software Developer,Naval Nuclear Laboratory,Niskayuna  NY,2019-12-12,Not Applied
Entry Level Software Developer  Training Program - TX,Genesis10,Dallas  TX,2019-12-18,Not Applied
Jr. C++ Developer,CyberCoders,Chicago  IL,2019-12-17,Not Applied
Jr. iOS Developer,Eliassen Group,Detroit  MI,2019-12-11,Not Applied
Junior Data Developer (ETL),Brooksource,St. Louis  MO,2019-12-09,Not Applied
Java Developer - Entry Level,SynergisticIT,Mountain View  CA,2019-12-18,Not Applied
Entry Level Software Developer - C#,Volt Services Group,San Diego  CA,2019-12-18,Not Applied
Jr/Mid-Level Full Stack Developer,CGI Group  Inc.,Balitmore  MD,2019-12-12,Not Applied
Entry Level Computer Programmer,Revature,Elmhurst  IL,2019-12-18,Not Applied
Jr. Java Developer,Kforce Technology Staffing,Boca Raton  FL,2019-12-18,Not Applied
Entry Level Software Developer – Training Program - NC,Genesis10,Charlotte  NC,2019-12-18,Not Applied
Junior .Net Developer,CyberCoders,North Plainfield  NJ,2019-12-16,Not Applied
Jr. Application/Platform Developer,CGI Group  Inc.,Alexandria  VA,2019-12-10,Not Applied
Junior Java Developer,SynergisticIT,San Francisco  CA,2019-12-18,Not Applied
Junior Java Developer,Revature,Hempstead  NY,2019-12-18,Not Applied
Junior/Mid Full Stack Developer,Kforce Technology Staffing,Miami  FL,2019-12-18,Not Applied
Entry Level Software Developer – Training Program - MN,Genesis10,Minneapolis  MN,2019-12-18,Not Applied
Junior Java Engineer (Java 8  Spring  MySQL),CyberCoders,Irvine  CA,2019-12-14,Not Applied
Jr. Application Developer,CGI Group  Inc.,Alexandria  VA,2019-12-10,Not Applied
Junior Software Engineer,SynergisticIT,San Jose  CA,2019-12-18,Not Applied
Junior Software Developer,Revature,Rome  GA,2019-12-18,Not Applied
Junior Java Developer,Volt Services Group,Oak Grove  IL,2019-12-18,Not Applied
Jr. BI Developer,Kforce Technology Staffing,Miami  FL,2019-12-18,Not Applied
Entry Level Software Developer,Genesis10,Minneapolis  MN,2019-12-18,Not Applied
.Net Developer (Jr.-Mid level),CyberCoders,Salt Lake City  UT,2019-12-18,Not Applied
Junior ETL Developer,CGI Group  Inc.,Arlington  VA,2019-12-18,Not Applied
Junior Core Java Developer,SynergisticIT,San Diego  CA,2019-12-18,Not Applied
Junior Full Stack Developer,Revature,Lancaster  TX,2019-12-18,Not Applied
Jr. - Mid-level PHP Developer,CyberCoders,Columbia  MD,2019-12-18,Not Applied
Junior Software Developer,SynergisticIT,Dallas  TX,2019-12-18,Not Applied
Junior Developer,CGI Group  Inc.,Fairfax  VA,2019-12-16,Not Applied
Jr. iOS Developer,Eliassen Group,New York  NY,2019-12-18,Not Applied
Jr Full-Stack Developer,CyberCoders,Los Angeles  CA,2019-12-16,Not Applied
Jr. ServiceNow Devloper,CGI Group  Inc.,Arlington  VA,2019-12-14,Not Applied
Jr. Informatica/Teradata Developer,CGI Group  Inc.,Lafayette  LA,2019-12-13,Not Applied
Jr. Developer,CGI Group  Inc.,Ft. Meade  MD,2019-12-12,Not Applied
Entry Level Software Developer – Training Program - MN with relocation,Genesis10,Mason City  IA,2019-12-05,Not Applied
Entry Level Software Developer – Training Program - Milwaukee,Genesis10,Milwaukee  WI,2019-12-05,Not Applied
Entry Level Software Developer – Training Program - MN with relocation,Genesis10,Eau Claire  WI,2019-12-05,Not Applied
Entry Level Software Developer – Training Program - MN with relocation,Genesis10,Duluth  MN,2019-12-05,Not Applied
Junior Appian BPM Developer,Genesis10,Plano  TX,2019-12-18,Not Applied
Junior/Mid Full Stack Developer,Genesis10,Saint Paul  MN,2019-12-16,Not Applied
Embedded Software Engineers Entry Level,Assurance Technology Corporation,Carlisle  MA,2019-11-18,Not Applied
Entry Level Software Developer ? Training Program - NY,Genesis10,New York  NY,2019-12-18,Not Applied
Entry Level Software Developer ? Training Program - TX,Genesis10,Dallas  TX,2019-12-18,Not Applied
Entry Level Software Developer ? Training Program - MN,Genesis10,Minneapolis  MN,2019-12-18,Not Applied
Design & Release Engr for Handles  Latches & Mechanisms - Entry Level,Ford Motor Company,Dearborn  MI,2019-12-10,Not Applied
Jr. Cloud Platform Engineer,Allstate Insurance Company.,Chicago  IL,2019-12-18,Not Applied
Entry-Level Software Engineer (408643) - Middletown  RI,Progeny Systems Corporation,Middletown  RI,2019-12-12,Not Applied
Software Engineer (entry to junior-level),1st St. NW,Minneapolis  MN,2019-12-12,Not Applied
Entry Level Electrical/Software Engineer - Huntsville  AL,Intuitive Research and Technology Corporation,Huntsville  AL,2019-12-10,Not Applied
Entry Level Software Engineer,RiskVal Financial Solutions,Princeton  NJ,2019-12-09,Not Applied
Entry Level Firmware/Software Engineer,Zebra Technologies Corporation,Lincolnshire  IL,2019-12-09,Not Applied
Entry Level Software Engineer,Reynolds and Reynolds Company,Tallahassee  FL,2019-12-08,Not Applied
Research Software Engineer (Entry-level),IBM,CAMBRIDGE  MA,2019-12-04,Not Applied
Entry-Level C/C++ Software Engineer,Kelly Services,Gilbert  AZ,2019-12-03,Not Applied
Java Software Engineer - Entry Level,Enfusion,Chicago  IL,2019-11-27,Not Applied
Entry Level Accenture Technology Software Engineer,Accenture,Seattle  WA,2019-11-26,Not Applied
Entry Level Software Engineer,Belcan,Rockford  IL,2019-11-22,Not Applied
Software Engineer (Entry Level) (Chicago  IL  US),Nielsen,Chicago  IL,2019-11-18,Not Applied
Entry Level Software Engineer  Seattle - Sept,Avanade Inc.,Seattle  WA,2019-11-18,Not Applied
Automated Driving Software Engineer - Entry Level,FCA,Auburn Hills  MI,2019-11-18,Not Applied
Automated Driving Software Engineer - Entry Level,Chrysler Group LLC,Auburn Hills  MI,2019-11-18,Not Applied
Software Engineer - New Grad/Entry Level,Collins Aerospace,Cedar Rapids  IA,2019-11-18,Not Applied
Software Engineer (entry level or experienced) - #223481,Principal Financial Group   Inc.,Des Moines  IA,2019-11-18,Not Applied
Entry Level - Software Engineer,Veterans Sourcing Group,Hazelwood  MO,2019-11-18,Not Applied
Junior Software Engineer - Entry Level,MPAY Inc,Waltham  MA,2019-11-18,Not Applied
Entry Level Software Engineer,A1 Placement,Augusta  GA,2019-11-18,Not Applied
Software Engineer (Entry-Level),SRC Inc.,Aberdeen  MD,2019-11-18,Not Applied
